"HAUL_ID","INDEX_NAME","SURVEY","STOCK","AREA","STRATUM","YEAR","DATE","LAT","LON","COD_N","COD_KG","DEPTH","SURFACE_TE","BOTTOM_TEM","SALINITY","BOTTOM_TYP","SEASON","AGEGROUP","AGE_N","AGE_KG","Data_type","TIME","RESPONSE","AREA_SWEPT","cobble_P","gravel_P","rock_P","mud_P","sand_P","BATHY_DEPT","oisst","rugos","COND","HAUL_ID2","setlat","endlat","setlon","endlon"
"201802_1240_5","NEFSC BTS_WGOM_SPRING","NEFSC BTS","WGOM","WGOM",1240,2018,"5/6/2018 00:00:00",42.278025,-69.051607,0,0,203,NA,6.5,NA,NA,"A.SPRING","Age0-2",0,0,"Biomass_KG",73,0,0.0384,0,0,0,1,1,-188,7.77999973297,0.850111067295,"ROUGH","2018_SPRING_245",42.27802483,42.276786,-69.05160633,-69.02927633
"201802_1260_2","NEFSC BTS_WGOM_SPRING","NEFSC BTS","WGOM","WGOM",1260,2018,"5/11/2018 00:00:00",42.467528,-70.565665,14,8.032,57,NA,4.7,NA,NA,"A.SPRING","Age0-2",1,0.101,"Count",73,1,0.0384,0,0.9,0,0.95,0.9496,-57,10.0599994659,0.596946179867,"SMOOTH","2018_SPRING_280",42.46752867,42.46754317,-70.5656655,-70.54357067
"201802_1260_5","NEFSC BTS_WGOM_SPRING","NEFSC BTS","WGOM","WGOM",1260,2018,"5/11/2018 00:00:00",42.75848,-70.402487,0,0,92,NA,4.7,NA,NA,"A.SPRING","Age0-2",0,0,"Biomass_KG",73,0,0.0384,0,0.7503,0,0.9501,0.9527,-85,9.55000019073,-0.608435332775,"SMOOTH","2018_SPRING_272",42.75848,42.772621,-70.40248667,-70.413639
"201802_1260_6","NEFSC BTS_WGOM_SPRING","NEFSC BTS","WGOM","WGOM",1260,2018,"5/11/2018 00:00:00",42.598532,-70.337403,8,27.566,92,NA,5,NA,NA,"A.SPRING","Age0-2",0,0,"Biomass_KG",73,0,0.0384,0,0.8001,0,0.9008,1,-87,9.43999958038,1.15492987633,"ROUGH","2018_SPRING_278",42.59853117,42.60689417,-70.33740267,-70.357048
"201802_1270_1","NEFSC BTS_WGOM_SPRING","NEFSC BTS","WGOM","WGOM",1270,2018,"5/10/2018 00:00:00",42.84767,-70.40939,1,3.334,134,NA,4.8,NA,NA,"A.SPRING","Age0-2",0,0,"Biomass_KG",73,0,0.0384,0,0.2478,0,0.7434,0.6143,-128,9.44999980927,1.20988059044,"ROUGH","2018_SPRING_270",42.84767083,42.85450233,-70.40938933,-70.4303045
"201802_1270_4","NEFSC BTS_WGOM_SPRING","NEFSC BTS","WGOM","WGOM",1270,2018,"5/10/2018 00:00:00",42.975128,-70.19166,0,0,160,NA,5.9,NA,NA,"A.SPRING","Age0-2",0,0,"Biomass_KG",73,0,0.0384,0,0.0993,0,0.902,0.8005,-152,9.22999954224,1.26388382912,"ROUGH","2018_SPRING_268",42.975129,42.97291333,-70.19165983,-70.16949833
"201802_1270_5","NEFSC BTS_WGOM_SPRING","NEFSC BTS","WGOM","WGOM",1270,2018,"5/10/2018 00:00:00",42.932018,-70.367518,2,9.631,135,NA,0,NA,NA,"A.SPRING","Age0-2",0,0,"Biomass_KG",73,0,0.0384,0,0.0503,0,0.6505,0.6388,-75,9.44999980927,1.12693023682,"ROUGH","2018_SPRING_269",42.93201767,42.949015,-70.36751817,-70.36498083
"201802_1280_7","NEFSC BTS_WGOM_SPRING","NEFSC BTS","WGOM","WGOM",1280,2018,"5/7/2018 00:00:00",42.406165,-69.147378,0,0,227,NA,6.8,NA,NA,"A.SPRING","Age0-2",0,0,"Biomass_KG",73,0,0.0384,0,0,0,0.8925,0.9084,-224,7.89999961853,0.254463195801,"SMOOTH","2018_SPRING_246",42.4061645,42.4059155,-69.1473775,-69.16993133
"201802_1370_3","NEFSC BTS_WGOM_SPRING","NEFSC BTS","WGOM","WGOM",1370,2018,"5/10/2018 00:00:00",43.14627,-69.7199,1,4.792,131,NA,6,NA,NA,"A.SPRING","Age0-2",0,0,"Biomass_KG",73,0,0.0384,0,0.4991,0,0.8512,1,-138,8.64999961853,0.999805212021,"ROUGH","2018_SPRING_266",43.14627067,43.16314217,-69.71989917,-69.72144917
"201802_1370_4","NEFSC BTS_WGOM_SPRING","NEFSC BTS","WGOM","WGOM",1370,2018,"5/10/2018 00:00:00",43.027715,-69.61895,2,9.018,145,NA,0,NA,NA,"A.SPRING","Age0-2",0,0,"Biomass_KG",73,0,0.0384,1,0.6422,1,0.6072,0.8273,-139,8.64999961853,0.98295634985,"ROUGH","2018_SPRING_267",43.02771517,43.01723917,-69.61895,-69.63675483
"201802_1400_1","NEFSC BTS_WGOM_SPRING","NEFSC BTS","WGOM","WGOM",1400,2018,"5/11/2018 00:00:00",42.787018,-70.562745,15,51.431,102,NA,4.7,NA,NA,"A.SPRING","Age0-2",0,0,"Biomass_KG",73,0,0.0384,0,0.3501,0,1,0.9501,-95,9.75,0.943881034851,"SMOOTH","2018_SPRING_273",42.787019,42.78260417,-70.5627455,-70.54042483
"201804_1240_9","NEFSC BTS_WGOM_FALL","NEFSC BTS","WGOM","WGOM",1240,2018,"10/12/2018 00:00:00",42.168217,-69.071173,1,4.684,167,NA,6.6,NA,NA,"B.FALL","Age0-2",0,0,"Biomass_KG",74,0,0.0384,0,0.3986,0,1,1,-168,17.1399993896,0.489164799452,"SMOOTH","2018_FALL_251",42.168216,42.184721,-69.0711735,-69.07053167
"201804_1260_2","NEFSC BTS_WGOM_FALL","NEFSC BTS","WGOM","WGOM",1260,2018,"11/1/2018 00:00:00",42.793277,-70.15075,24,66.079,80,NA,0,NA,NA,"B.FALL","Age0-2",1,0.355,"Count",74,1,0.0384,0,0.7496,0,0.8995,0.8768,-71,11.3199996948,0.894538104534,"SMOOTH","2018_FALL_290",42.79327633,42.7773205,-70.15075,-70.15728033
"201804_1260_3","NEFSC BTS_WGOM_FALL","NEFSC BTS","WGOM","WGOM",1260,2018,"10/2/2018 00:00:00",42.051112,-69.90657,82,31.802,82,NA,9.5,NA,NA,"B.FALL","Age0-2",14,4.441,"Count",74,14,0.0384,1,0.55,0,0.6001,1,-78,16.9899997711,0.728358030319,"SMOOTH","2018_FALL_222",42.05111233,42.0609775,-69.90657083,-69.92314167
"201804_1260_4","NEFSC BTS_WGOM_FALL","NEFSC BTS","WGOM","WGOM",1260,2018,"10/3/2018 00:00:00",42.161475,-70.361035,0,0,62,NA,9.3,NA,NA,"B.FALL","Age0-2",0,0,"Biomass_KG",74,0,0.0384,0,0.2,0,1,1,-59,17.5799999237,0.827950716019,"SMOOTH","2018_FALL_226",42.16147417,42.14479017,-70.3610355,-70.3601675
"201804_1260_5","NEFSC BTS_WGOM_FALL","NEFSC BTS","WGOM","WGOM",1260,2018,"10/3/2018 00:00:00",42.139173,-70.261237,0,0,63,NA,10.5,NA,NA,"B.FALL","Age0-2",0,0,"Biomass_KG",74,0,0.0384,0,0.8,0,0.95,1,-55,17.5799999237,0.627153396606,"SMOOTH","2018_FALL_225",42.13917283,42.12686667,-70.26123733,-70.27276033
"201804_1260_6","NEFSC BTS_WGOM_FALL","NEFSC BTS","WGOM","WGOM",1260,2018,"11/1/2018 00:00:00",42.76909,-70.263702,20,44.571,59,NA,0,NA,NA,"B.FALL","Age0-2",2,0.443,"Count",74,2,0.0384,0,0.7501,0,0.9501,0.9486,-70,11.1799993515,1.22010910511,"ROUGH","2018_FALL_291",42.76908933,42.76492317,-70.2637015,-70.28580733
"201804_1270_1","NEFSC BTS_WGOM_FALL","NEFSC BTS","WGOM","WGOM",1270,2018,"11/1/2018 00:00:00",42.926935,-70.274347,0,0,144,NA,7.8,NA,NA,"B.FALL","Age0-2",0,0,"Biomass_KG",74,0,0.0384,0,0.1503,0,0.6975,0.6886,-150,11.1799993515,0.853262543678,"SMOOTH","2018_FALL_289",42.92693567,42.93680517,-70.27434683,-70.293077
"201804_1270_2","NEFSC BTS_WGOM_FALL","NEFSC BTS","WGOM","WGOM",1270,2018,"11/1/2018 00:00:00",42.895048,-70.056053,6,18.955,117,NA,8.4,NA,NA,"B.FALL","Age0-2",0,0,"Biomass_KG",74,0,0.0384,1,0.5003,0,0.6507,0.9298,-119,11.3199996948,1.2606729269,"ROUGH","2018_FALL_287",42.895048,42.88520983,-70.05605267,-70.07358983
"201804_1270_3","NEFSC BTS_WGOM_FALL","NEFSC BTS","WGOM","WGOM",1270,2018,"11/1/2018 00:00:00",42.887587,-69.977483,0,0,185,NA,7.2,NA,NA,"B.FALL","Age0-2",0,0,"Biomass_KG",74,0,0.0384,0,0.2976,0,0.7506,0.7521,-179,11.4899997711,1.00641870499,"SMOOTH","2018_FALL_286",42.887587,42.87216483,-69.97748267,-69.987078
"201804_1270_4","NEFSC BTS_WGOM_FALL","NEFSC BTS","WGOM","WGOM",1270,2018,"11/1/2018 00:00:00",42.76289,-70.000395,0,0,186,NA,6.8,NA,NA,"B.FALL","Age0-2",0,0,"Biomass_KG",74,0,0.0384,0,0.5987,0,1,0.9508,-174,11.3199996948,0.812655031681,"SMOOTH","2018_FALL_284",42.76288967,42.74811967,-70.00039567,-69.989023
"201804_1270_5","NEFSC BTS_WGOM_FALL","NEFSC BTS","WGOM","WGOM",1270,2018,"11/1/2018 00:00:00",43.095945,-70.319127,0,0,131,NA,0,NA,NA,"B.FALL","Age0-2",0,0,"Biomass_KG",74,0,0.0384,0,0.3989,0,0.8003,0.7922,-116,11.0100002289,0.86612868309,"SMOOTH","2018_FALL_288",43.09594517,43.07915617,-70.31912633,-70.32098817
"201804_1280_1","NEFSC BTS_WGOM_FALL","NEFSC BTS","WGOM","WGOM",1280,2018,"10/17/2018 00:00:00",42.370088,-69.815385,0,0,251,NA,7.8,NA,NA,"B.FALL","Age0-2",0,0,"Biomass_KG",74,0,0.0384,0,0.1978,0,0.9559,0.9143,-249,14.0399999619,0.545281410217,"SMOOTH","2018_FALL_270",42.37008783,42.385759,-69.81538433,-69.82170383
"201804_1280_2","NEFSC BTS_WGOM_FALL","NEFSC BTS","WGOM","WGOM",1280,2018,"10/13/2018 00:00:00",42.133082,-69.418105,0,0,208,NA,6.9,NA,NA,"B.FALL","Age0-2",0,0,"Biomass_KG",74,0,0.0384,0,0.2498,0,1,1,-198,16.6700000763,0.678922712803,"SMOOTH","2018_FALL_252",42.13308117,42.14254567,-69.41810567,-69.436811
"201804_1280_3","NEFSC BTS_WGOM_FALL","NEFSC BTS","WGOM","WGOM",1280,2018,"10/12/2018 00:00:00",42.336647,-69.076437,0,0,229,NA,0,NA,NA,"B.FALL","Age0-2",0,0,"Biomass_KG",74,0,0.0384,0,0,0,1,1,-225,17.2899990082,0.165750518441,"SMOOTH","2018_FALL_250",42.336646,42.34920767,-69.07643617,-69.09168967
"201804_1280_4","NEFSC BTS_WGOM_FALL","NEFSC BTS","WGOM","WGOM",1280,2018,"11/1/2018 00:00:00",42.764812,-69.549968,0,0,204,NA,7.3,NA,NA,"B.FALL","Age0-2",0,0,"Biomass_KG",74,0,0.0384,0,0.2412,0,0.7282,0.9179,-207,11.6199998856,0.82971405983,"ROUGH","2018_FALL_283",42.76481133,42.759122,-69.549969,-69.57160983
"201804_1280_6","NEFSC BTS_WGOM_FALL","NEFSC BTS","WGOM","WGOM",1280,2018,"11/1/2018 00:00:00",42.840157,-69.94803,0,0,216,NA,7,NA,NA,"B.FALL","Age0-2",0,0,"Biomass_KG",74,0,0.0384,0,0.3961,0,0.7922,0.7206,-216,11.4899997711,0.472221046686,"SMOOTH","2018_FALL_285",42.84015683,42.83257833,-69.94803083,-69.927892
"201804_1370_5","NEFSC BTS_WGOM_FALL","NEFSC BTS","WGOM","WGOM",1370,2018,"11/1/2018 00:00:00",42.841003,-69.39892,1,3.566,151,NA,7.9,NA,NA,"B.FALL","Age0-2",0,0,"Biomass_KG",74,0,0.0384,0,0.4999,0,0.7505,1,-140,11.6399993896,1.3449242115,"ROUGH","2018_FALL_282",42.84100333,42.8258935,-69.39891933,-69.4071465
"201804_1370_6","NEFSC BTS_WGOM_FALL","NEFSC BTS","WGOM","WGOM",1370,2018,"11/9/2018 00:00:00",43.050857,-69.7873,0,0,174,NA,7.2,NA,NA,"B.FALL","Age0-2",0,0,"Biomass_KG",74,0,0.0384,0,0.5377,0,0.8284,0.8884,-172,11.1899995804,0.642572462559,"SMOOTH","2018_FALL_325",43.05085617,43.03609333,-69.7872995,-69.79485933
"201804_1400_2","NEFSC BTS_WGOM_FALL","NEFSC BTS","WGOM","WGOM",1400,2018,"11/12/2018 00:00:00",43.300462,-70.174927,0,0,115,NA,8.7,NA,NA,"B.FALL","Age0-2",0,0,"Biomass_KG",74,0,0.0384,0,0.1001,0,0.7498,0.7494,-110,9.96999931335,0.806623339653,"SMOOTH","2018_FALL_334",43.30046117,43.31544033,-70.174926,-70.16532
"201902_1260_1","NEFSC BTS_WGOM_SPRING","NEFSC BTS","WGOM","WGOM",1260,2019,"5/11/2019 00:00:00",42.670167,-70.215833,3,1.89,91,NA,4.7,NA,NA,"A.SPRING","Age0-2",0,0,"Biomass_KG",75,0,0.0384,1,0.8,1,0.9,1,-87,9.65999984741,0.411362916231,"SMOOTH","2019_SPRING_387",42.67016667,42.65866667,-70.21583333,-70.19966667
"201902_1260_3","NEFSC BTS_WGOM_SPRING","NEFSC BTS","WGOM","WGOM",1260,2019,"5/12/2019 00:00:00",42.336333,-70.350333,1,0.002,92,NA,0,NA,NA,"A.SPRING","Age0-2",1,0.002,"Biomass_KG",75,1,0.0384,0,0.4998,0,0.9002,1,-91,10.1099996567,0.921363413334,"SMOOTH","2019_SPRING_400",42.33633333,42.3405,-70.35033333,-70.37216667
"201902_1260_4","NEFSC BTS_WGOM_SPRING","NEFSC BTS","WGOM","WGOM",1260,2019,"5/10/2019 00:00:00",42.517,-70.595333,1,6.224,70,NA,4.4,NA,NA,"A.SPRING","Age0-2",0,0,"Biomass_KG",75,0,0.0384,0,0.3501,0,0.8501,0.8614,-68,10.1499996185,0.603412508965,"SMOOTH","2019_SPRING_385",42.517,42.51716667,-70.59533333,-70.61733333
"201902_1260_5","NEFSC BTS_WGOM_SPRING","NEFSC BTS","WGOM","WGOM",1260,2019,"5/12/2019 00:00:00",42.434167,-70.152167,14,15.64,83,NA,4.6,NA,NA,"A.SPRING","Age0-2",0,0,"Biomass_KG",75,0,0.0384,0,0.8999,0,0.95,1,-79,9.68999958038,-0.957714319229,"SMOOTH","2019_SPRING_399",42.43416667,42.45,-70.15216667,-70.146
"201902_1260_6","NEFSC BTS_WGOM_SPRING","NEFSC BTS","WGOM","WGOM",1260,2019,"5/12/2019 00:00:00",42.283,-70.0935,0,0,93,NA,5.2,NA,NA,"A.SPRING","Age0-2",0,0,"Biomass_KG",75,0,0.0384,0,0.75,0,0.95,0.9524,-103,9.68999958038,0.771594524384,"SMOOTH","2019_SPRING_398",42.283,42.29433333,-70.0935,-70.08383333
"201902_1270_1","NEFSC BTS_WGOM_SPRING","NEFSC BTS","WGOM","WGOM",1270,2019,"5/10/2019 00:00:00",42.940833,-70.236,0,0,174,NA,0,NA,NA,"A.SPRING","Age0-2",0,0,"Biomass_KG",75,0,0.0384,0,0.1497,0,0.8001,0.7791,-150,9.31999969482,0.534478962421,"SMOOTH","2019_SPRING_380",42.94083333,42.95366667,-70.236,-70.25016667
"201902_1270_2","NEFSC BTS_WGOM_SPRING","NEFSC BTS","WGOM","WGOM",1270,2019,"5/12/2019 00:00:00",42.1605,-69.988333,2,1.21,131,NA,5.1,NA,NA,"A.SPRING","Age0-2",0,0,"Biomass_KG",75,0,0.0384,0,0.2497,0,1,1,-118,9.18999958038,0.732155919075,"SMOOTH","2019_SPRING_397",42.1605,42.177,-69.98833333,-69.98333333
"201902_1270_3","NEFSC BTS_WGOM_SPRING","NEFSC BTS","WGOM","WGOM",1270,2019,"5/10/2019 00:00:00",43.032667,-70.364167,0,0,123,NA,5.3,NA,NA,"A.SPRING","Age0-2",0,0,"Biomass_KG",75,0,0.0384,0,0.15,0,0.8504,0.7743,-122,9.57999992371,0.623995959759,"SMOOTH","2019_SPRING_379",43.03266667,43.01633333,-70.36416667,-70.37016667
"201902_1270_4","NEFSC BTS_WGOM_SPRING","NEFSC BTS","WGOM","WGOM",1270,2019,"5/11/2019 00:00:00",42.067,-69.835333,1,4.417,154,NA,6.3,NA,NA,"A.SPRING","Age0-2",0,0,"Biomass_KG",75,0,0.0384,0,0.1498,0,0.8525,1,-125,9.03999996185,1.14235556126,"ROUGH","2019_SPRING_396",42.067,42.0825,-69.83533333,-69.84283333
"201902_1270_5","NEFSC BTS_WGOM_SPRING","NEFSC BTS","WGOM","WGOM",1270,2019,"5/11/2019 00:00:00",42.6925,-69.969,0,0,184,NA,7.4,NA,NA,"A.SPRING","Age0-2",0,0,"Biomass_KG",75,0,0.0384,0,0.6985,0,0.8924,0.8122,-174,9.21000003815,1.08271181583,"SMOOTH","2019_SPRING_388",42.6925,42.67966667,-69.969,-69.95466667
"201902_1280_1","NEFSC BTS_WGOM_SPRING","NEFSC BTS","WGOM","WGOM",1280,2019,"5/11/2019 00:00:00",42.837667,-69.811333,0,0,262,NA,7.9,NA,NA,"A.SPRING","Age0-2",0,0,"Biomass_KG",75,0,0.0384,0,0.198,0,0.6946,0.6312,-262,9.35999965668,0.414329856634,"SMOOTH","2019_SPRING_389",42.83766667,42.82866667,-69.81133333,-69.79266667
"201902_1280_2","NEFSC BTS_WGOM_SPRING","NEFSC BTS","WGOM","WGOM",1280,2019,"5/11/2019 00:00:00",42.617667,-69.664333,0,0,270,NA,7.9,NA,NA,"A.SPRING","Age0-2",0,0,"Biomass_KG",75,0,0.0384,0,0,0,0.9537,0.8552,-269,8.77999973297,0.719222724438,"ROUGH","2019_SPRING_391",42.61766667,42.63383333,-69.66433333,-69.67083333
"201902_1280_4","NEFSC BTS_WGOM_SPRING","NEFSC BTS","WGOM","WGOM",1280,2019,"5/11/2019 00:00:00",42.383667,-69.817667,0,0,249,NA,7.9,NA,NA,"A.SPRING","Age0-2",0,0,"Biomass_KG",75,0,0.0384,0,0.1481,0,0.9548,0.9202,-235,9.0999994278,1.04538834095,"ROUGH","2019_SPRING_395",42.38366667,42.3995,-69.81766667,-69.813
"201902_1280_5","NEFSC BTS_WGOM_SPRING","NEFSC BTS","WGOM","WGOM",1280,2019,"5/11/2019 00:00:00",42.377,-69.593667,0,0,243,NA,8,NA,NA,"A.SPRING","Age0-2",0,0,"Biomass_KG",75,0,0.0384,0,0,0,0.9505,0.9347,-242,8.76000022888,0.535113096237,"SMOOTH","2019_SPRING_393",42.377,42.36333333,-69.59366667,-69.6065
"201902_1280_6","NEFSC BTS_WGOM_SPRING","NEFSC BTS","WGOM","WGOM",1280,2019,"5/11/2019 00:00:00",42.778333,-69.691333,0,0,262,NA,7.9,NA,NA,"A.SPRING","Age0-2",0,0,"Biomass_KG",75,0,0.0384,0,0.0559,0,0.8276,0.7266,-268,8.92000007629,0.972934126854,"ROUGH","2019_SPRING_390",42.77833333,42.76933333,-69.69133333,-69.673
"201902_1280_7","NEFSC BTS_WGOM_SPRING","NEFSC BTS","WGOM","WGOM",1280,2019,"5/11/2019 00:00:00",42.637167,-69.391667,0,0,240,NA,7.6,NA,NA,"A.SPRING","Age0-2",0,0,"Biomass_KG",75,0,0.0384,0,0.4343,0,0.8204,0.8474,-232,8.38999938965,0.753225326538,"ROUGH","2019_SPRING_392",42.63716667,42.62166667,-69.39166667,-69.38383333
"201902_1370_1","NEFSC BTS_WGOM_SPRING","NEFSC BTS","WGOM","WGOM",1370,2019,"5/9/2019 00:00:00",43.110333,-69.275667,0,0,210,NA,6.7,NA,NA,"A.SPRING","Age0-2",0,0,"Biomass_KG",75,0,0.0384,0,0.2308,0,0.9192,0.9201,-193,7.98999977112,0.656274855137,"SMOOTH","2019_SPRING_374",43.11033333,43.1185,-69.27566667,-69.256
"201902_1370_7","NEFSC BTS_WGOM_SPRING","NEFSC BTS","WGOM","WGOM",1370,2019,"5/9/2019 00:00:00",43.262167,-69.035167,0,0,165,NA,5.9,NA,NA,"A.SPRING","Age0-2",0,0,"Biomass_KG",75,0,0.0384,0,0.1821,0,1,1,-157,7.25,-0.0483963228762,"SMOOTH","2019_SPRING_373",43.26216667,43.27483333,-69.03516667,-69.021
"201902_1400_1","NEFSC BTS_WGOM_SPRING","NEFSC BTS","WGOM","WGOM",1400,2019,"5/10/2019 00:00:00",42.809833,-70.5245,3,13.93,115,NA,4.5,NA,NA,"A.SPRING","Age0-2",0,0,"Biomass_KG",75,0,0.0384,0,0.5494,0,0.9496,0.8924,-104,10.0500001907,0.368638366461,"SMOOTH","2019_SPRING_381",42.80983333,42.8005,-70.5245,-70.50633333
"201902_1400_2","NEFSC BTS_WGOM_SPRING","NEFSC BTS","WGOM","WGOM",1400,2019,"5/9/2019 00:00:00",43.476,-70.0415,0,0,117,NA,4.9,NA,NA,"A.SPRING","Age0-2",0,0,"Biomass_KG",75,0,0.0384,0,0.2499,0,0.6504,0.7131,-111,9.18999958038,0.282472610474,"SMOOTH","2019_SPRING_377",43.476,43.474,-70.0415,-70.01883333
"201904_1240_8","NEFSC BTS_WGOM_FALL","NEFSC BTS","WGOM","WGOM",1240,2019,"11/11/2019 00:00:00",42.025425,-69.766848,0,0,169,NA,7.6,NA,NA,"B.FALL","Age0-2",0,0,"Biomass_KG",76,0,0.0384,0,0.0995,0,0.8533,1,-150,10.6899995804,0.816407501698,"ROUGH","2019_FALL_395",42.02542417,42.03838833,-69.766848,-69.78046433
"201904_1260_4","NEFSC BTS_WGOM_FALL","NEFSC BTS","WGOM","WGOM",1260,2019,"11/10/2019 00:00:00",42.242978,-70.167395,0,0,49,NA,0,NA,NA,"B.FALL","Age0-2",0,0,"Biomass_KG",76,0,0.0384,0,1,0,1,1,-41,10.9600000381,0.579207777977,"SMOOTH","2019_FALL_393",42.24297833,42.25910017,-70.167395,-70.17065567
"201904_1260_5","NEFSC BTS_WGOM_FALL","NEFSC BTS","WGOM","WGOM",1260,2019,"10/31/2019 00:00:00",42.338812,-70.403315,1,1.77,92,NA,10,NA,NA,"B.FALL","Age0-2",0,0,"Biomass_KG",76,0,0.0384,0,0.1,0,0.95,0.9471,-90,13.4499998093,0.742272496223,"SMOOTH","2019_FALL_324",42.338811,42.34271667,-70.4033145,-70.425309
"201904_1260_6","NEFSC BTS_WGOM_FALL","NEFSC BTS","WGOM","WGOM",1260,2019,"11/10/2019 00:00:00",42.408035,-70.094298,1,0.614,86,NA,9.5,NA,NA,"B.FALL","Age0-2",0,0,"Biomass_KG",76,0,0.0384,0,1,0,1,1,-83,10.9299993515,0.664876043797,"SMOOTH","2019_FALL_392",42.4080345,42.391521,-70.0942985,-70.0973245
"201904_1260_7","NEFSC BTS_WGOM_FALL","NEFSC BTS","WGOM","WGOM",1260,2019,"11/9/2019 00:00:00",42.868668,-70.147302,17,23.494,62,NA,0,NA,NA,"B.FALL","Age0-2",2,0,"Count",76,2,0.0384,0,0.5005,0,0.6508,0.8344,-59,10.6300001144,1.06729924679,"ROUGH","2019_FALL_386",42.86866883,42.87637383,-70.14730233,-70.16699667
"201904_1270_1","NEFSC BTS_WGOM_FALL","NEFSC BTS","WGOM","WGOM",1270,2019,"11/9/2019 00:00:00",43.187297,-70.227628,1,0.025,118,NA,8.8,NA,NA,"B.FALL","Age0-2",1,0.025,"Biomass_KG",76,1,0.0384,0,0.1505,0,0.8489,0.871,-117,10.3000001907,0.095444843173,"SMOOTH","2019_FALL_382",43.18729733,43.20179917,-70.22762867,-70.2163975
"201904_1270_2","NEFSC BTS_WGOM_FALL","NEFSC BTS","WGOM","WGOM",1270,2019,"11/9/2019 00:00:00",43.220372,-70.114157,0,0,154,NA,8.7,NA,NA,"B.FALL","Age0-2",0,0,"Biomass_KG",76,0,0.0384,0,0.2489,0,0.8024,0.8213,-148,10.3000001907,0.996569633484,"SMOOTH","2019_FALL_381",43.22037167,43.23591767,-70.11415733,-70.10589767
"201904_1270_3","NEFSC BTS_WGOM_FALL","NEFSC BTS","WGOM","WGOM",1270,2019,"11/9/2019 00:00:00",43.015873,-70.362192,0,0,125,NA,7.2,NA,NA,"B.FALL","Age0-2",0,0,"Biomass_KG",76,0,0.0384,0,0.1499,0,0.8508,0.7825,-130,10.2899999619,0.455499112606,"SMOOTH","2019_FALL_385",43.0158725,43.020463,-70.36219183,-70.3405005
"201904_1270_4","NEFSC BTS_WGOM_FALL","NEFSC BTS","WGOM","WGOM",1270,2019,"11/9/2019 00:00:00",43.131948,-69.957355,3,16.645,156,NA,7.5,NA,NA,"B.FALL","Age0-2",0,0,"Biomass_KG",76,0,0.0384,1,0.8486,1,0.5533,0.9573,-148,10.4699993134,0.679824769497,"SMOOTH","2019_FALL_383",43.1319475,43.14836433,-69.9573545,-69.96160117
"201904_1270_5","NEFSC BTS_WGOM_FALL","NEFSC BTS","WGOM","WGOM",1270,2019,"11/2/2019 00:00:00",42.552552,-70.026812,1,6.526,143,NA,7.5,NA,NA,"B.FALL","Age0-2",0,0,"Biomass_KG",76,0,0.0384,0,1,0,1,1,-140,12.5799999237,0.141393810511,"SMOOTH","2019_FALL_329",42.55255183,42.54576717,-70.02681217,-70.04695333
"201904_1280_2","NEFSC BTS_WGOM_FALL","NEFSC BTS","WGOM","WGOM",1280,2019,"11/2/2019 00:00:00",42.689495,-69.90128,0,0,222,NA,8.2,NA,NA,"B.FALL","Age0-2",0,0,"Biomass_KG",76,0,0.0384,0,0.5911,0,0.8391,0.7489,-210,12.6700000763,0.803529918194,"ROUGH","2019_FALL_330",42.68949533,42.705636,-69.90128033,-69.9017355
"201904_1280_3","NEFSC BTS_WGOM_FALL","NEFSC BTS","WGOM","WGOM",1280,2019,"11/2/2019 00:00:00",42.628415,-69.311383,0,0,224,NA,7.8,NA,NA,"B.FALL","Age0-2",0,0,"Biomass_KG",76,0,0.0384,1,0.7381,0,0.5276,1,-218,13.1099996567,0.244937941432,"SMOOTH","2019_FALL_332",42.628415,42.61205783,-69.3113835,-69.31708433
"201904_1280_4","NEFSC BTS_WGOM_FALL","NEFSC BTS","WGOM","WGOM",1280,2019,"11/2/2019 00:00:00",42.192443,-69.391147,0,0,200,NA,7.3,NA,NA,"B.FALL","Age0-2",0,0,"Biomass_KG",76,0,0.0384,0,0.2021,0,0.8071,0.83,-187,13.2199993134,1.10906255245,"ROUGH","2019_FALL_334",42.19244283,42.1907415,-69.3911465,-69.3695155
"201904_1280_5","NEFSC BTS_WGOM_FALL","NEFSC BTS","WGOM","WGOM",1280,2019,"11/10/2019 00:00:00",42.13383,-69.718573,0,0,224,NA,8.1,NA,NA,"B.FALL","Age0-2",0,0,"Biomass_KG",76,0,0.0384,0,0.1475,0,0.9536,1,-217,11.0900001526,0.663010060787,"SMOOTH","2019_FALL_394",42.13382983,42.1426055,-69.71857367,-69.73753833
"201904_1280_6","NEFSC BTS_WGOM_FALL","NEFSC BTS","WGOM","WGOM",1280,2019,"11/2/2019 00:00:00",42.540047,-69.787338,0,0,270,NA,8.3,NA,NA,"B.FALL","Age0-2",0,0,"Biomass_KG",76,0,0.0384,0,0.0489,0,0.9435,0.8904,-272,12.6700000763,0.228737056255,"SMOOTH","2019_FALL_331",42.54004667,42.55505967,-69.787339,-69.77796617
"201904_1280_7","NEFSC BTS_WGOM_FALL","NEFSC BTS","WGOM","WGOM",1280,2019,"11/2/2019 00:00:00",42.357272,-69.232918,0,0,248,NA,8.2,NA,NA,"B.FALL","Age0-2",0,0,"Biomass_KG",76,0,0.0384,0,0,0,0.8538,0.8396,-243,13.4200000763,0.420960485935,"SMOOTH","2019_FALL_333",42.35727183,42.3545115,-69.23291817,-69.2547525
"201904_1370_3","NEFSC BTS_WGOM_FALL","NEFSC BTS","WGOM","WGOM",1370,2019,"11/8/2019 00:00:00",43.20331,-69.407828,0,0,167,NA,7.7,NA,NA,"B.FALL","Age0-2",0,0,"Biomass_KG",76,0,0.0384,0,0.5943,0,0.6516,0.7812,-160,11.5699996948,1.05538332462,"ROUGH","2019_FALL_377",43.20330933,43.213633,-69.40782833,-69.3902225
"201904_1370_5","NEFSC BTS_WGOM_FALL","NEFSC BTS","WGOM","WGOM",1370,2019,"11/8/2019 00:00:00",43.064155,-69.5557,0,0,144,NA,7.5,NA,NA,"B.FALL","Age0-2",0,0,"Biomass_KG",76,0,0.0384,1,0.498,1,0.7981,0.8909,-151,11.2699995041,0.920095145702,"ROUGH","2019_FALL_378",43.06415583,43.06029983,-69.55570067,-69.57734117
"201904_1400_2","NEFSC BTS_WGOM_FALL","NEFSC BTS","WGOM","WGOM",1400,2019,"11/9/2019 00:00:00",43.482568,-69.941957,0,0,123,NA,9.1,NA,NA,"B.FALL","Age0-2",0,0,"Biomass_KG",76,0,0.0384,0,0.1484,0,0.7002,0.7097,-126,10.3599996567,0.671166956425,"SMOOTH","2019_FALL_380",43.4825675,43.466215,-69.94195633,-69.9416965
"201904_1400_3","NEFSC BTS_WGOM_FALL","NEFSC BTS","WGOM","WGOM",1400,2019,"11/9/2019 00:00:00",42.849405,-70.46192,1,0.011,123,NA,7.7,NA,NA,"B.FALL","Age0-2",1,0.011,"Biomass_KG",76,1,0.0384,0,0.2479,0,0.7451,0.629,-121,10.6399993896,-0.155138254166,"SMOOTH","2019_FALL_387",42.84940433,42.86453617,-70.46192,-70.4704605
"202102_1240_1","NEFSC BTS_WGOM_SPRING","NEFSC BTS","WGOM","WGOM",1240,2021,"5/25/2021 00:00:00",42.0625,-69.018,1,0.392,138,NA,6.4,NA,NA,"A.SPRING","Age0-2",0,0,"Biomass_KG",79,0,0.0384,0,0.3326,0,1,1,-149,11.6499996185,0.347845137119,"SMOOTH","2021_SPRING_360",42.0625,42.04767,-69.018,-69.028
"202102_1260_1","NEFSC BTS_WGOM_SPRING","NEFSC BTS","WGOM","WGOM",1260,2021,"4/24/2021 00:00:00",42.166167,-70.0315,9,4.987,101,NA,0,NA,NA,"A.SPRING","Age0-2",0,0,"Count",79,0,0.0384,0,0.35,0,1,1,-86,7.02999973297,1.2303006649,"ROUGH","2021_SPRING_215",42.16617,42.175,-70.0315,-70.05033
"202102_1260_2","NEFSC BTS_WGOM_SPRING","NEFSC BTS","WGOM","WGOM",1260,2021,"4/24/2021 00:00:00",42.215167,-70.415833,0,0,69,NA,5.6,NA,NA,"A.SPRING","Age0-2",0,0,"Biomass_KG",79,0,0.0384,0,0.1502,0,0.9498,0.9439,-63,7.2999997139,0.162734463811,"SMOOTH","2021_SPRING_220",42.21517,42.21567,-70.41583,-70.437
"202102_1260_3","NEFSC BTS_WGOM_SPRING","NEFSC BTS","WGOM","WGOM",1260,2021,"4/24/2021 00:00:00",42.282,-70.469667,0,0,82,NA,4.9,NA,NA,"A.SPRING","Age0-2",0,0,"Biomass_KG",79,0,0.0384,0,0.2001,0,1,1,-74,6.86999988556,0.075256921351,"SMOOTH","2021_SPRING_222",42.282,42.28833,-70.46967,-70.49
"202102_1260_4","NEFSC BTS_WGOM_SPRING","NEFSC BTS","WGOM","WGOM",1260,2021,"4/24/2021 00:00:00",42.118,-70.25,3,0.647,63,NA,6.2,NA,NA,"A.SPRING","Age0-2",2,0.198,"Biomass_KG",79,2,0.0384,0,0.45,0,0.95,1,-60,7.02999973297,-0.10349162668,"SMOOTH","2021_SPRING_217",42.118,42.11467,-70.25,-70.27417
"202102_1260_5","NEFSC BTS_WGOM_SPRING","NEFSC BTS","WGOM","WGOM",1260,2021,"4/25/2021 00:00:00",42.477833,-70.336667,0,0,139,NA,5.8,NA,NA,"A.SPRING","Age0-2",0,0,"Biomass_KG",79,0,0.0384,0,0.6,0,0.9499,0.9507,-98,6.98000001907,1.5244590044,"ROUGH","2021_SPRING_230",42.47783,42.47083,-70.33667,-70.31767
"202102_1270_1","NEFSC BTS_WGOM_SPRING","NEFSC BTS","WGOM","WGOM",1270,2021,"4/25/2021 00:00:00",43.122833,-70.145,0,0,154,NA,5.8,NA,NA,"A.SPRING","Age0-2",0,0,"Biomass_KG",79,0,0.0384,0,0.2497,0,0.7518,0.9061,-130,6.75,0.830291569233,"SMOOTH","2021_SPRING_238",43.12283,43.12,-70.145,-70.16683
"202102_1270_2","NEFSC BTS_WGOM_SPRING","NEFSC BTS","WGOM","WGOM",1270,2021,"4/26/2021 00:00:00",43.055333,-69.966667,0,0,182,NA,8.4,NA,NA,"A.SPRING","Age0-2",0,0,"Biomass_KG",79,0,0.0384,0,0.85,0,0.8004,0.9519,-177,6.73000001907,1.0031683445,"SMOOTH","2021_SPRING_243",43.05533,43.06817,-69.96667,-69.97983
"202102_1270_3","NEFSC BTS_WGOM_SPRING","NEFSC BTS","WGOM","WGOM",1270,2021,"4/26/2021 00:00:00",43.331,-70.0735,0,0,160,NA,5.8,NA,NA,"A.SPRING","Age0-2",0,0,"Biomass_KG",79,0,0.0384,0,0.1005,0,0.8012,0.7555,-140,6.58999967575,0.86479640007,"SMOOTH","2021_SPRING_239",43.331,43.31483,-70.0735,-70.07233
"202102_1270_4","NEFSC BTS_WGOM_SPRING","NEFSC BTS","WGOM","WGOM",1270,2021,"4/25/2021 00:00:00",42.837333,-70.398667,0,0,136,NA,5.5,NA,NA,"A.SPRING","Age0-2",0,0,"Biomass_KG",79,0,0.0384,0,0.298,0,0.7443,0.6269,-133,6.84999990463,1.29705369473,"ROUGH","2021_SPRING_235",42.83733,42.84917,-70.39867,-70.41333
"202102_1270_5","NEFSC BTS_WGOM_SPRING","NEFSC BTS","WGOM","WGOM",1270,2021,"4/26/2021 00:00:00",42.957667,-69.956667,0,0,208,NA,8.4,NA,NA,"A.SPRING","Age0-2",0,0,"Biomass_KG",79,0,0.0384,0,0.1993,0,0.6947,0.748,-194,6.82999992371,0.958330512047,"SMOOTH","2021_SPRING_244",42.95767,42.97383,-69.95667,-69.95683
"202102_1280_1","NEFSC BTS_WGOM_SPRING","NEFSC BTS","WGOM","WGOM",1280,2021,"4/27/2021 00:00:00",42.661,-69.795167,0,0,243,NA,8.7,NA,NA,"A.SPRING","Age0-2",0,0,"Biomass_KG",79,0,0.0384,0,0.0526,0,0.8871,0.7704,-240,7.11999988556,-0.0497339330614,"SMOOTH","2021_SPRING_245",42.661,42.6765,-69.79517,-69.80233
"202102_1280_4","NEFSC BTS_WGOM_SPRING","NEFSC BTS","WGOM","WGOM",1280,2021,"4/27/2021 00:00:00",42.291167,-69.633,0,0,243,NA,8.5,NA,NA,"A.SPRING","Age0-2",0,0,"Biomass_KG",79,0,0.0384,0,0,0,1,1,-243,7.15999984741,-0.000544516020454,"SMOOTH","2021_SPRING_246",42.29117,42.304,-69.633,-69.64583
"202102_1280_6","NEFSC BTS_WGOM_SPRING","NEFSC BTS","WGOM","WGOM",1280,2021,"5/25/2021 00:00:00",42.333167,-69.276,0,0,230,NA,8.7,NA,NA,"A.SPRING","Age0-2",0,0,"Biomass_KG",79,0,0.0384,0,0,0,0.7964,0.765,-226,11.7299995422,0.479006707668,"SMOOTH","2021_SPRING_356",42.33317,42.31817,-69.276,-69.28583
"202102_1280_7","NEFSC BTS_WGOM_SPRING","NEFSC BTS","WGOM","WGOM",1280,2021,"4/27/2021 00:00:00",42.0095,-69.605667,0,0,218,NA,7.5,NA,NA,"A.SPRING","Age0-2",0,0,"Biomass_KG",79,0,0.0384,0,0.0526,0,1,1,-210,7.1299996376,0.0458490587771,"SMOOTH","2021_SPRING_247",42.0095,42.01767,-69.60567,-69.625
"202102_1370_2","NEFSC BTS_WGOM_SPRING","NEFSC BTS","WGOM","WGOM",1370,2021,"5/24/2021 00:00:00",42.7945,-69.2655,0,0,81,NA,6.7,NA,NA,"A.SPRING","Age0-2",0,0,"Biomass_KG",79,0,0.0384,1,0.65,0,0.6001,1,-115,11.779999733,1.47000658512,"ROUGH","2021_SPRING_348",42.7945,42.80967,-69.2655,-69.27383
"202102_1370_3","NEFSC BTS_WGOM_SPRING","NEFSC BTS","WGOM","WGOM",1370,2021,"4/26/2021 00:00:00",43.048833,-69.784,0,0,167,NA,6.9,NA,NA,"A.SPRING","Age0-2",0,0,"Biomass_KG",79,0,0.0384,0,0.5898,0,0.8468,0.971,-177,6.73000001907,0.650977551937,"SMOOTH","2021_SPRING_242",43.04883,43.06167,-69.784,-69.79783
"202102_1370_5","NEFSC BTS_WGOM_SPRING","NEFSC BTS","WGOM","WGOM",1370,2021,"5/23/2021 00:00:00",42.9235,-69.079,0,0,188,NA,6.7,NA,NA,"A.SPRING","Age0-2",0,0,"Biomass_KG",79,0,0.0384,0,0.4003,0,0.9007,1,-183,11.9099998474,0.943542778492,"ROUGH","2021_SPRING_347",42.9235,42.93717,-69.079,-69.09
"202102_1400_2","NEFSC BTS_WGOM_SPRING","NEFSC BTS","WGOM","WGOM",1400,2021,"4/25/2021 00:00:00",42.7815,-70.561333,0,0,98,NA,5.8,NA,NA,"A.SPRING","Age0-2",0,0,"Biomass_KG",79,0,0.0384,0,0.3504,0,1,0.9516,-90,6.90999984741,0.826598465443,"SMOOTH","2021_SPRING_234",42.7815,42.77883,-70.56133,-70.539
"202102_1400_3","NEFSC BTS_WGOM_SPRING","NEFSC BTS","WGOM","WGOM",1400,2021,"4/25/2021 00:00:00",42.9545,-70.4485,1,0.275,108,NA,6.1,NA,NA,"A.SPRING","Age0-2",0,0,"Biomass_KG",79,0,0.0384,0,0.1991,0,0.7487,0.739,-101,6.84999990463,0.719038426876,"SMOOTH","2021_SPRING_237",42.9545,42.96217,-70.4485,-70.42867
"202104_1260_1","NEFSC BTS_WGOM_FALL","NEFSC BTS","WGOM","WGOM",1260,2021,"11/11/2021 00:00:00",42.631667,-70.413833,32,21.486,77,NA,12.4,NA,NA,"B.FALL","Age0-2",8,3.303,"Count",80,8,0.0384,0,0.55,0,1,1,-95,11.6099996567,0.665583312511,"SMOOTH","2021_FALL_390",42.63167,42.63633,-70.41383,-70.39333
"202104_1260_2","NEFSC BTS_WGOM_FALL","NEFSC BTS","WGOM","WGOM",1260,2021,"11/10/2021 00:00:00",42.837167,-70.2115,40,43.433,55,NA,0,NA,NA,"B.FALL","Age0-2",11,5.5,"Count",80,11,0.0384,0,0.5977,0,0.7441,0.7782,-55,12.0900001526,1.0732408762,"ROUGH","2021_FALL_381",42.83717,42.84717,-70.2115,-70.1945
"202104_1260_3","NEFSC BTS_WGOM_FALL","NEFSC BTS","WGOM","WGOM",1260,2021,"11/11/2021 00:00:00",42.475167,-70.478667,1,0.899,86,NA,12.4,NA,NA,"B.FALL","Age0-2",0,0,"Biomass_KG",80,0,0.0384,0,0.5502,0,0.9501,0.9503,-67,11.8699998856,0.718231916428,"SMOOTH","2021_FALL_392",42.47517,42.48917,-70.47867,-70.49017
"202104_1260_4","NEFSC BTS_WGOM_FALL","NEFSC BTS","WGOM","WGOM",1260,2021,"11/13/2021 00:00:00",42.121333,-70.0005,2,2.163,94,NA,11.6,NA,NA,"B.FALL","Age0-2",1,0.67,"Biomass_KG",80,1,0.0384,0,0.2497,0,1,1,-89,12.4200000763,1.0203166008,"SMOOTH","2021_FALL_403",42.12133,42.10883,-70.0005,-69.98683
"202104_1260_5","NEFSC BTS_WGOM_FALL","NEFSC BTS","WGOM","WGOM",1260,2021,"11/11/2021 00:00:00",42.5515,-70.3205,0,0,165,NA,12.4,NA,NA,"B.FALL","Age0-2",0,0,"Biomass_KG",80,0,0.0384,0,0.3502,0,0.9005,0.9557,-127,11.6099996567,1.05263149738,"ROUGH","2021_FALL_391",42.5515,42.568,-70.3205,-70.31983
"202104_1270_1","NEFSC BTS_WGOM_FALL","NEFSC BTS","WGOM","WGOM",1270,2021,"11/10/2021 00:00:00",43.014667,-70.0045,0,0,139,NA,11.7,NA,NA,"B.FALL","Age0-2",0,0,"Biomass_KG",80,0,0.0384,0,0.8495,0,0.6501,0.9238,-143,11.9899997711,1.40120518208,"ROUGH","2021_FALL_378",43.01467,43.0305,-70.0045,-70.00633
"202104_1270_2","NEFSC BTS_WGOM_FALL","NEFSC BTS","WGOM","WGOM",1270,2021,"11/10/2021 00:00:00",43.170833,-69.963833,0,0,146,NA,10.1,NA,NA,"B.FALL","Age0-2",0,0,"Biomass_KG",80,0,0.0384,1,0.7984,1,0.6019,0.8872,-144,12.2299995422,1.13404476643,"ROUGH","2021_FALL_376",43.17083,43.18633,-69.96383,-69.95783
"202104_1270_3","NEFSC BTS_WGOM_FALL","NEFSC BTS","WGOM","WGOM",1270,2021,"11/13/2021 00:00:00",42.1335,-69.906833,0,0,150,NA,9.1,NA,NA,"B.FALL","Age0-2",0,0,"Biomass_KG",80,0,0.0384,0,0.2992,0,0.7013,1,-136,12.1499996185,0.996207714081,"SMOOTH","2021_FALL_404",42.1335,42.124,-69.90683,-69.88867
"202104_1270_5","NEFSC BTS_WGOM_FALL","NEFSC BTS","WGOM","WGOM",1270,2021,"11/11/2021 00:00:00",42.931167,-70.283667,1,4.024,140,NA,9.9,NA,NA,"B.FALL","Age0-2",0,0,"Biomass_KG",80,0,0.0384,0,0.15,0,0.6994,0.6892,-157,11.6499996185,0.939838349819,"SMOOTH","2021_FALL_382",42.93117,42.9415,-70.28367,-70.3
"202104_1280_2","NEFSC BTS_WGOM_FALL","NEFSC BTS","WGOM","WGOM",1280,2021,"10/25/2021 00:00:00",42.092833,-69.553167,0,0,225,NA,8.2,NA,NA,"B.FALL","Age0-2",0,0,"Biomass_KG",80,0,0.0384,0,0,0,1,1,-220,14.7299995422,0.0885938182473,"SMOOTH","2021_FALL_324",42.09283,42.10917,-69.55317,-69.55233
"202104_1280_3","NEFSC BTS_WGOM_FALL","NEFSC BTS","WGOM","WGOM",1280,2021,"10/25/2021 00:00:00",42.026667,-69.4645,0,0,206,NA,8.2,NA,NA,"B.FALL","Age0-2",0,0,"Biomass_KG",80,0,0.0384,0,0.1403,0,1,1,-208,14.9299993515,0.393303871155,"SMOOTH","2021_FALL_319",42.02667,42.022,-69.4645,-69.4435
"202104_1280_4","NEFSC BTS_WGOM_FALL","NEFSC BTS","WGOM","WGOM",1280,2021,"10/25/2021 00:00:00",42.0725,-69.627833,0,0,225,NA,8.2,NA,NA,"B.FALL","Age0-2",0,0,"Biomass_KG",80,0,0.0384,0,0,0,1,1,-215,14.7299995422,-0.0358575880527,"SMOOTH","2021_FALL_321",42.0725,42.06583,-69.62783,-69.60833
"202104_1280_6","NEFSC BTS_WGOM_FALL","NEFSC BTS","WGOM","WGOM",1280,2021,"10/26/2021 00:00:00",42.305833,-69.631167,0,0,250,NA,8.5,NA,NA,"B.FALL","Age0-2",0,0,"Biomass_KG",80,0,0.0384,0,0,0,1,1,-244,14.4499998093,0.0299479402602,"SMOOTH","2021_FALL_325",42.30583,42.29,-69.63117,-69.62567
"202104_1280_7","NEFSC BTS_WGOM_FALL","NEFSC BTS","WGOM","WGOM",1280,2021,"10/26/2021 00:00:00",42.405,-69.181833,0,0,228,NA,0,NA,NA,"B.FALL","Age0-2",0,0,"Biomass_KG",80,0,0.0384,0,0,0,0.8779,0.8899,-223,14.8299999237,0.626393556595,"SMOOTH","2021_FALL_326",42.405,42.40617,-69.18183,-69.1595
"202104_1370_1","NEFSC BTS_WGOM_FALL","NEFSC BTS","WGOM","WGOM",1370,2021,"11/9/2021 00:00:00",43.191833,-69.411833,0,0,169,NA,9.9,NA,NA,"B.FALL","Age0-2",0,0,"Biomass_KG",80,0,0.0384,0,0.5452,0,0.6525,0.7445,-163,12.5099992752,1.0771253109,"ROUGH","2021_FALL_372",43.19183,43.20467,-69.41183,-69.39767
"202104_1370_2","NEFSC BTS_WGOM_FALL","NEFSC BTS","WGOM","WGOM",1370,2021,"11/9/2021 00:00:00",43.129333,-69.0235,0,0,162,NA,10.4,NA,NA,"B.FALL","Age0-2",0,0,"Biomass_KG",80,0,0.0384,0,0.2548,0,1,0.9615,-135,12.5,0.885411977768,"SMOOTH","2021_FALL_369",43.12933,43.12467,-69.0235,-69.00283
"202104_1370_3","NEFSC BTS_WGOM_FALL","NEFSC BTS","WGOM","WGOM",1370,2021,"11/10/2021 00:00:00",42.876667,-69.558667,0,0,171,NA,8.3,NA,NA,"B.FALL","Age0-2",0,0,"Biomass_KG",80,0,0.0384,0,0.393,0,0.8421,0.8055,-171,12.3099994659,0.246591508389,"SMOOTH","2021_FALL_377",42.87667,42.889,-69.55867,-69.544
"202104_1370_6","NEFSC BTS_WGOM_FALL","NEFSC BTS","WGOM","WGOM",1370,2021,"11/9/2021 00:00:00",43.191167,-69.205333,0,0,194,NA,10.2,NA,NA,"B.FALL","Age0-2",0,0,"Biomass_KG",80,0,0.0384,0,0.0763,0,0.9208,0.9321,-195,12.5,0.719336211681,"SMOOTH","2021_FALL_370",43.19117,43.177,-69.20533,-69.195
"202104_1400_1","NEFSC BTS_WGOM_FALL","NEFSC BTS","WGOM","WGOM",1400,2021,"11/11/2021 00:00:00",42.892,-70.479167,0,0,102,NA,11.6,NA,NA,"B.FALL","Age0-2",0,0,"Biomass_KG",80,0,0.0384,0,0.0496,0,0.6968,0.6233,-98,11.6499996185,0.806939780712,"SMOOTH","2021_FALL_384",42.892,42.903,-70.47917,-70.4955
"202104_1400_3","NEFSC BTS_WGOM_FALL","NEFSC BTS","WGOM","WGOM",1400,2021,"11/10/2021 00:00:00",43.480333,-70.023167,0,0,112,NA,12.6,NA,NA,"B.FALL","Age0-2",0,0,"Biomass_KG",80,0,0.0384,0,0.1993,0,0.6543,0.733,-118,11.6300001144,0.599748313427,"SMOOTH","2021_FALL_375",43.48033,43.49717,-70.02317,-70.023
"202104_1400_5","NEFSC BTS_WGOM_FALL","NEFSC BTS","WGOM","WGOM",1400,2021,"11/11/2021 00:00:00",42.9615,-70.409,0,0,113,NA,12,NA,NA,"B.FALL","Age0-2",0,0,"Biomass_KG",80,0,0.0384,0,0.1501,0,0.801,0.7646,-113,11.6499996185,0.692817509174,"SMOOTH","2021_FALL_383",42.9615,42.97767,-70.409,-70.40783
