"Category","Time","Stratum","Units","Estimate","Std. Error for Estimate","Std. Error for ln(Estimate)"
"Small","1982 Spring","Stratum_1"," [counts*km2/km2]",6428954.25453615,1452972.93131559,0.226004552807388
"Medium","1982 Spring","Stratum_1"," [counts*km2/km2]",11667322.9876112,1847192.25820207,0.158321858421463
"Large","1982 Spring","Stratum_1"," [counts*km2/km2]",4349839.9568437,785796.971887511,0.180649628419362
"Unknown","1982 Spring","Stratum_1"," [counts*km2/km2]",23034336.2572817,5163203.50532962,0.224152476010565
"Small","1982 Fall","Stratum_1"," [counts*km2/km2]",2402311.62010483,678692.268784499,0.282516332645837
"Medium","1982 Fall","Stratum_1"," [counts*km2/km2]",5343986.21237746,1087104.95203225,0.203425852692949
"Large","1982 Fall","Stratum_1"," [counts*km2/km2]",557854.781330972,218700.056372122,0.392037612101006
"Unknown","1982 Fall","Stratum_1"," [counts*km2/km2]",3417689.82829185,1367444.84312207,0.400107941862445
"Small","1983 Spring","Stratum_1"," [counts*km2/km2]",4026080.15352474,1010035.38160541,0.250873142880962
"Medium","1983 Spring","Stratum_1"," [counts*km2/km2]",11097952.1467931,1838903.1750598,0.165697522456085
"Large","1983 Spring","Stratum_1"," [counts*km2/km2]",2909137.87399287,529395.64198066,0.181976814063491
"Unknown","1983 Spring","Stratum_1"," [counts*km2/km2]",27914352.5022032,6701245.10690986,0.240064501097812
"Small","1983 Fall","Stratum_1"," [counts*km2/km2]",2199187.55575265,731638.787711067,0.332685943860151
"Medium","1983 Fall","Stratum_1"," [counts*km2/km2]",4599491.15931867,1056491.91430268,0.229697563862515
"Large","1983 Fall","Stratum_1"," [counts*km2/km2]",607413.412189042,197882.50231772,0.325778947824968
"Unknown","1983 Fall","Stratum_1"," [counts*km2/km2]",4565800.05632716,1699181.65333147,0.372154196935715
"Small","1984 Spring","Stratum_1"," [counts*km2/km2]",1917615.48535397,390161.94450179,0.203462032655504
"Medium","1984 Spring","Stratum_1"," [counts*km2/km2]",5476430.91978706,992335.201096076,0.181201080709452
"Large","1984 Spring","Stratum_1"," [counts*km2/km2]",1460831.26563729,333624.612318025,0.228379978006892
"Unknown","1984 Spring","Stratum_1"," [counts*km2/km2]",10294092.4138458,2252542.68976437,0.218818969094804
"Small","1984 Fall","Stratum_1"," [counts*km2/km2]",3286327.58351929,999494.986162233,0.304137357205239
"Medium","1984 Fall","Stratum_1"," [counts*km2/km2]",4870356.75731597,1024889.06558205,0.210434084534468
"Large","1984 Fall","Stratum_1"," [counts*km2/km2]",640531.155031567,218421.408882609,0.341000444969527
"Unknown","1984 Fall","Stratum_1"," [counts*km2/km2]",8527923.77836362,2748534.36609976,0.322298186232987
"Small","1985 Spring","Stratum_1"," [counts*km2/km2]",2683298.54628403,702963.005868171,0.261977187309875
"Medium","1985 Spring","Stratum_1"," [counts*km2/km2]",8973664.69957106,1466410.200437,0.163412635699114
"Large","1985 Spring","Stratum_1"," [counts*km2/km2]",4274355.57795473,707783.663714839,0.165588391233823
"Unknown","1985 Spring","Stratum_1"," [counts*km2/km2]",15466750.0815454,3277724.40687324,0.211920693719886
"Small","1985 Fall","Stratum_1"," [counts*km2/km2]",2530660.25856771,674160.125615423,0.266396930734977
"Medium","1985 Fall","Stratum_1"," [counts*km2/km2]",4939641.83681903,1250275.74420899,0.253110607107118
"Large","1985 Fall","Stratum_1"," [counts*km2/km2]",691864.278831709,279035.13238454,0.40330906063791
"Unknown","1985 Fall","Stratum_1"," [counts*km2/km2]",7338476.14179819,2564736.1702346,0.349491654762831
"Small","1986 Spring","Stratum_1"," [counts*km2/km2]",6696667.85072958,1168719.83092277,0.174522591977657
"Medium","1986 Spring","Stratum_1"," [counts*km2/km2]",7458625.81784448,1218159.85093483,0.163322290283074
"Large","1986 Spring","Stratum_1"," [counts*km2/km2]",2897388.82477842,469126.280057432,0.161913470517134
"Unknown","1986 Spring","Stratum_1"," [counts*km2/km2]",8920217.40571427,2041619.89238937,0.228875575508004
"Small","1986 Fall","Stratum_1"," [counts*km2/km2]",4223439.61484773,1064732.48803312,0.252100795827645
"Medium","1986 Fall","Stratum_1"," [counts*km2/km2]",3130221.1909582,696915.474328664,0.222640967463175
"Large","1986 Fall","Stratum_1"," [counts*km2/km2]",531559.776872194,222360.338585152,0.418316712926563
"Unknown","1986 Fall","Stratum_1"," [counts*km2/km2]",3191377.24464603,1093868.59079087,0.34275753285701
"Small","1987 Spring","Stratum_1"," [counts*km2/km2]",1417780.81511079,312131.939566099,0.220155285104283
"Medium","1987 Spring","Stratum_1"," [counts*km2/km2]",9416872.49636954,1260865.54755931,0.133894299624998
"Large","1987 Spring","Stratum_1"," [counts*km2/km2]",1799895.69663211,308972.379762264,0.171661269228213
"Unknown","1987 Spring","Stratum_1"," [counts*km2/km2]",12231565.499343,3296524.8950845,0.26950964659933
"Small","1987 Fall","Stratum_1"," [counts*km2/km2]",8369534.25769688,1834970.51364702,0.219244041203312
"Medium","1987 Fall","Stratum_1"," [counts*km2/km2]",7626774.79424805,1488499.29362388,0.195167594924459
"Large","1987 Fall","Stratum_1"," [counts*km2/km2]",227524.312685788,102747.789321408,0.451590373391447
"Unknown","1987 Fall","Stratum_1"," [counts*km2/km2]",31832698.1911652,10973229.8406052,0.34471566860929
"Small","1988 Spring","Stratum_1"," [counts*km2/km2]",4832118.54474228,1047718.25836893,0.216823790366014
"Medium","1988 Spring","Stratum_1"," [counts*km2/km2]",13716058.9310659,1652809.14681557,0.120501753099944
"Large","1988 Spring","Stratum_1"," [counts*km2/km2]",2620634.84466073,320796.19403781,0.12241163422344
"Unknown","1988 Spring","Stratum_1"," [counts*km2/km2]",18771247.0419119,3698428.30903253,0.197026244488433
"Small","1988 Fall","Stratum_1"," [counts*km2/km2]",3992946.65586182,901877.004501714,0.225867531482726
"Medium","1988 Fall","Stratum_1"," [counts*km2/km2]",6873637.55688962,1262495.73709846,0.183672142537256
"Large","1988 Fall","Stratum_1"," [counts*km2/km2]",473258.633250728,182219.782546062,0.385032136222065
"Unknown","1988 Fall","Stratum_1"," [counts*km2/km2]",8742709.32035964,2990477.77722978,0.342053895154181
"Small","1989 Spring","Stratum_1"," [counts*km2/km2]",3560016.67744051,666372.236028645,0.187182335479321
"Medium","1989 Spring","Stratum_1"," [counts*km2/km2]",15127901.2253725,1914282.2634916,0.126539844157693
"Large","1989 Spring","Stratum_1"," [counts*km2/km2]",1911095.8106901,312207.328554717,0.163365607735794
"Unknown","1989 Spring","Stratum_1"," [counts*km2/km2]",21548802.3197788,4866199.0765359,0.225822252407477
"Small","1989 Fall","Stratum_1"," [counts*km2/km2]",3609570.55285972,885816.25160068,0.245407656846847
"Medium","1989 Fall","Stratum_1"," [counts*km2/km2]",10103314.5162637,1561425.04643198,0.154545821959566
"Large","1989 Fall","Stratum_1"," [counts*km2/km2]",988520.809304122,180309.403751107,0.182403245388468
"Unknown","1989 Fall","Stratum_1"," [counts*km2/km2]",10139136.4483244,2935102.17118077,0.289482460970907
"Small","1990 Spring","Stratum_1"," [counts*km2/km2]",2097528.7615992,434996.103629402,0.207385048345059
"Medium","1990 Spring","Stratum_1"," [counts*km2/km2]",12952357.9425897,1735839.56492122,0.134017263313383
"Large","1990 Spring","Stratum_1"," [counts*km2/km2]",3135782.55720114,452536.504585312,0.144313738701712
"Unknown","1990 Spring","Stratum_1"," [counts*km2/km2]",18407514.9521617,3783160.38644795,0.205522602930369
"Small","1990 Fall","Stratum_1"," [counts*km2/km2]",1858863.19367712,532826.510654864,0.286641057000462
"Medium","1990 Fall","Stratum_1"," [counts*km2/km2]",14979578.5700092,2143944.34476908,0.143124476750067
"Large","1990 Fall","Stratum_1"," [counts*km2/km2]",4377790.66684579,607271.263719088,0.1387163777195
"Unknown","1990 Fall","Stratum_1"," [counts*km2/km2]",11136845.6330727,3160846.68440053,0.283818846784934
"Small","1991 Spring","Stratum_1"," [counts*km2/km2]",4319356.88265853,822988.897981738,0.190535054254464
"Medium","1991 Spring","Stratum_1"," [counts*km2/km2]",11244113.3177638,1741685.07160969,0.154897502576581
"Large","1991 Spring","Stratum_1"," [counts*km2/km2]",2893100.41196785,535618.552256666,0.185136523447642
"Unknown","1991 Spring","Stratum_1"," [counts*km2/km2]",8685925.25414165,2146249.35521962,0.247095075357257
"Small","1991 Fall","Stratum_1"," [counts*km2/km2]",2620699.64886087,572153.955787062,0.218321071640453
"Medium","1991 Fall","Stratum_1"," [counts*km2/km2]",9245652.36473063,1222669.59386939,0.132242652615136
"Large","1991 Fall","Stratum_1"," [counts*km2/km2]",2770181.57906682,375169.005285616,0.135431196323238
"Unknown","1991 Fall","Stratum_1"," [counts*km2/km2]",8547365.99317272,2917898.05382032,0.341379795383865
"Small","1992 Spring","Stratum_1"," [counts*km2/km2]",1327065.06379892,347236.351524705,0.261657367823918
"Medium","1992 Spring","Stratum_1"," [counts*km2/km2]",8370444.57532402,1244782.68330849,0.148711657081882
"Large","1992 Spring","Stratum_1"," [counts*km2/km2]",3625633.78534924,571493.47968007,0.157625814827028
"Unknown","1992 Spring","Stratum_1"," [counts*km2/km2]",7418635.66507073,1794096.32948803,0.241836425252044
"Small","1992 Fall","Stratum_1"," [counts*km2/km2]",4534022.66087219,1091349.40844574,0.240702239506629
"Medium","1992 Fall","Stratum_1"," [counts*km2/km2]",7351190.24484471,1205283.13633412,0.163957549211757
"Large","1992 Fall","Stratum_1"," [counts*km2/km2]",1017794.17726782,200747.796151602,0.197238106323707
"Unknown","1992 Fall","Stratum_1"," [counts*km2/km2]",6878313.90146812,2214439.9225801,0.321945167711443
"Small","1993 Spring","Stratum_1"," [counts*km2/km2]",4124514.04259896,829393.151186681,0.201088696176207
"Medium","1993 Spring","Stratum_1"," [counts*km2/km2]",9452729.60661402,1736624.2253846,0.183716693236364
"Large","1993 Spring","Stratum_1"," [counts*km2/km2]",2152991.75531673,349868.897408809,0.162503593682986
"Unknown","1993 Spring","Stratum_1"," [counts*km2/km2]",26619862.2019302,5750644.08686735,0.2160283191267
"Small","1993 Fall","Stratum_1"," [counts*km2/km2]",2471608.40617297,722470.227225367,0.292307723756305
"Medium","1993 Fall","Stratum_1"," [counts*km2/km2]",4069857.36711858,911167.902347772,0.223882023411762
"Large","1993 Fall","Stratum_1"," [counts*km2/km2]",219790.490112764,129877.701118526,0.590915926580317
"Unknown","1993 Fall","Stratum_1"," [counts*km2/km2]",6877758.54405186,2425375.74173189,0.35264043164607
"Small","1994 Spring","Stratum_1"," [counts*km2/km2]",1861258.86475721,412113.519254333,0.221416551484412
"Medium","1994 Spring","Stratum_1"," [counts*km2/km2]",5260103.00888122,959025.463343019,0.182320662109428
"Large","1994 Spring","Stratum_1"," [counts*km2/km2]",825296.128806693,248913.301756735,0.301604833790559
"Unknown","1994 Spring","Stratum_1"," [counts*km2/km2]",12231153.5824641,3373224.6567371,0.275789575692461
"Small","1994 Fall","Stratum_1"," [counts*km2/km2]",3632054.62748014,845958.642101351,0.232914625154814
"Medium","1994 Fall","Stratum_1"," [counts*km2/km2]",5753228.91798739,1067864.65318888,0.185611361621683
"Large","1994 Fall","Stratum_1"," [counts*km2/km2]",672073.433919381,166020.075448016,0.24702668944943
"Unknown","1994 Fall","Stratum_1"," [counts*km2/km2]",8998824.46180566,2727192.32795669,0.303060954187061
"Small","1995 Spring","Stratum_1"," [counts*km2/km2]",1999476.1916108,424581.371459201,0.21234630011631
"Medium","1995 Spring","Stratum_1"," [counts*km2/km2]",6693616.52409324,1172279.73154816,0.175133984345923
"Large","1995 Spring","Stratum_1"," [counts*km2/km2]",1235813.24041071,322716.663372867,0.261137081898895
"Unknown","1995 Spring","Stratum_1"," [counts*km2/km2]",12857248.4182469,2832305.61732992,0.220288628265931
"Small","1995 Fall","Stratum_1"," [counts*km2/km2]",758627.804901751,267229.513563861,0.352253782206772
"Medium","1995 Fall","Stratum_1"," [counts*km2/km2]",5611428.21938934,910106.758706899,0.162188078172715
"Large","1995 Fall","Stratum_1"," [counts*km2/km2]",823676.721227014,174850.963479114,0.212281055143384
"Unknown","1995 Fall","Stratum_1"," [counts*km2/km2]",5187637.2056898,1690021.58943046,0.325778677733447
"Small","1996 Spring","Stratum_1"," [counts*km2/km2]",2331094.46691968,643461.424099324,0.276034040331964
"Medium","1996 Spring","Stratum_1"," [counts*km2/km2]",6979730.89958813,1182016.88359544,0.169349922024242
"Large","1996 Spring","Stratum_1"," [counts*km2/km2]",1360586.53189114,317084.073452956,0.233049545927979
"Unknown","1996 Spring","Stratum_1"," [counts*km2/km2]",9968398.69619403,2275540.5120145,0.22827543132713
"Small","1996 Fall","Stratum_1"," [counts*km2/km2]",1218395.86520794,345871.822996887,0.283874751116181
"Medium","1996 Fall","Stratum_1"," [counts*km2/km2]",6938467.17449981,999625.318326876,0.144070050803251
"Large","1996 Fall","Stratum_1"," [counts*km2/km2]",1341934.48745103,225274.485569551,0.167872938415536
"Unknown","1996 Fall","Stratum_1"," [counts*km2/km2]",3731046.38986385,1283632.34702426,0.344040843477987
"Small","1997 Spring","Stratum_1"," [counts*km2/km2]",3235837.6450241,614214.571600609,0.189816251302078
"Medium","1997 Spring","Stratum_1"," [counts*km2/km2]",5637018.14233367,814978.115132783,0.144576102924406
"Large","1997 Spring","Stratum_1"," [counts*km2/km2]",2953263.61580646,538206.548658459,0.182241282416466
"Unknown","1997 Spring","Stratum_1"," [counts*km2/km2]",6711714.75463564,1621325.35799579,0.241566487442865
"Small","1997 Fall","Stratum_1"," [counts*km2/km2]",1446889.21240139,452003.498052671,0.312396757248945
"Medium","1997 Fall","Stratum_1"," [counts*km2/km2]",3681502.37639639,735058.772179812,0.199662718376218
"Large","1997 Fall","Stratum_1"," [counts*km2/km2]",1403089.69953965,315861.998150968,0.225118891724884
"Unknown","1997 Fall","Stratum_1"," [counts*km2/km2]",1090402.5374778,527158.781437428,0.483453370034148
"Small","1998 Spring","Stratum_1"," [counts*km2/km2]",5979992.83651509,1580160.29194658,0.264241168032474
"Medium","1998 Spring","Stratum_1"," [counts*km2/km2]",5380443.4152238,935071.012785299,0.173790697275906
"Large","1998 Spring","Stratum_1"," [counts*km2/km2]",1998019.61196735,472882.617786417,0.236675663719233
"Unknown","1998 Spring","Stratum_1"," [counts*km2/km2]",12992641.0256281,2760352.41071164,0.212455066315372
"Small","1998 Fall","Stratum_1"," [counts*km2/km2]",1571362.22248421,438904.449498497,0.27931462473663
"Medium","1998 Fall","Stratum_1"," [counts*km2/km2]",4968971.96858936,758586.633244963,0.152664703693291
"Large","1998 Fall","Stratum_1"," [counts*km2/km2]",784683.303791012,150669.040172694,0.19201254753959
"Unknown","1998 Fall","Stratum_1"," [counts*km2/km2]",1524175.25936634,619852.764632228,0.406680767728722
"Small","1999 Spring","Stratum_1"," [counts*km2/km2]",4783301.3037327,1002481.20656156,0.209579355952187
"Medium","1999 Spring","Stratum_1"," [counts*km2/km2]",5804151.02196311,941276.363820683,0.1621729621195
"Large","1999 Spring","Stratum_1"," [counts*km2/km2]",1841283.88316569,414278.086475496,0.224994141459184
"Unknown","1999 Spring","Stratum_1"," [counts*km2/km2]",16241440.3247188,3527711.63218565,0.21720435882873
"Small","1999 Fall","Stratum_1"," [counts*km2/km2]",1483855.55133967,352624.562439216,0.237640761003223
"Medium","1999 Fall","Stratum_1"," [counts*km2/km2]",6312709.00658053,879157.670268107,0.139267891067313
"Large","1999 Fall","Stratum_1"," [counts*km2/km2]",843960.524005855,171529.794308255,0.203243859670224
"Unknown","1999 Fall","Stratum_1"," [counts*km2/km2]",2199846.68869279,770503.968696975,0.350253484780264
"Small","2000 Spring","Stratum_1"," [counts*km2/km2]",3053509.0986538,617878.277969058,0.202350233127342
"Medium","2000 Spring","Stratum_1"," [counts*km2/km2]",8563340.10225275,1358967.59022326,0.158695973066134
"Large","2000 Spring","Stratum_1"," [counts*km2/km2]",1727906.82880748,421819.527211627,0.244121685370471
"Unknown","2000 Spring","Stratum_1"," [counts*km2/km2]",21342688.9767769,4849331.73996217,0.227212782102516
"Small","2000 Fall","Stratum_1"," [counts*km2/km2]",2227253.18792625,435941.776594371,0.195730678019712
"Medium","2000 Fall","Stratum_1"," [counts*km2/km2]",4285526.80867911,662929.648765419,0.154690351585911
"Large","2000 Fall","Stratum_1"," [counts*km2/km2]",1247215.54220136,217478.159700857,0.174370950603298
"Unknown","2000 Fall","Stratum_1"," [counts*km2/km2]",6541318.75844316,2504467.96638716,0.382868968608895
"Small","2001 Spring","Stratum_1"," [counts*km2/km2]",2668956.04933569,537739.001423588,0.20147915195435
"Medium","2001 Spring","Stratum_1"," [counts*km2/km2]",6399749.66933805,1040912.74225896,0.162648977857071
"Large","2001 Spring","Stratum_1"," [counts*km2/km2]",2146238.49977377,463067.399234042,0.215757661267774
"Unknown","2001 Spring","Stratum_1"," [counts*km2/km2]",14606409.6781479,2793067.69988407,0.191222056715463
"Small","2001 Fall","Stratum_1"," [counts*km2/km2]",3501993.11325843,813007.259712874,0.232155584953853
"Medium","2001 Fall","Stratum_1"," [counts*km2/km2]",3781159.91237456,619324.842808516,0.163792290503678
"Large","2001 Fall","Stratum_1"," [counts*km2/km2]",2281681.79323308,374752.638296921,0.164244041131565
"Unknown","2001 Fall","Stratum_1"," [counts*km2/km2]",6857454.84455062,2168278.89932542,0.316192953286229
"Small","2002 Spring","Stratum_1"," [counts*km2/km2]",3792384.49518558,595531.786224142,0.157033599040437
"Medium","2002 Spring","Stratum_1"," [counts*km2/km2]",6979071.17988226,1043700.36873911,0.149547173518973
"Large","2002 Spring","Stratum_1"," [counts*km2/km2]",2511494.7472854,459009.114760273,0.182763318639787
"Unknown","2002 Spring","Stratum_1"," [counts*km2/km2]",13065767.3800657,2942467.46934714,0.225204336167534
"Small","2002 Fall","Stratum_1"," [counts*km2/km2]",1321605.44254367,402923.547074484,0.304874309762971
"Medium","2002 Fall","Stratum_1"," [counts*km2/km2]",5746043.15739381,866331.3569206,0.150770074848086
"Large","2002 Fall","Stratum_1"," [counts*km2/km2]",2079802.79388278,337284.151971062,0.162171217849643
"Unknown","2002 Fall","Stratum_1"," [counts*km2/km2]",6554037.49200643,2111000.76416356,0.322091652166809
"Small","2003 Spring","Stratum_1"," [counts*km2/km2]",42057141.997196,8068176.46645657,0.191838438926603
"Medium","2003 Spring","Stratum_1"," [counts*km2/km2]",5671764.07446229,1007994.40515823,0.177721497566661
"Large","2003 Spring","Stratum_1"," [counts*km2/km2]",4907433.26967057,883045.980284406,0.179940496744378
"Unknown","2003 Spring","Stratum_1"," [counts*km2/km2]",52808226.0857417,10107356.213803,0.19139738186608
"Small","2003 Fall","Stratum_1"," [counts*km2/km2]",3811055.85793683,511081.711533766,0.134105017240667
"Medium","2003 Fall","Stratum_1"," [counts*km2/km2]",6544582.40698736,828591.789469465,0.126607281861837
"Large","2003 Fall","Stratum_1"," [counts*km2/km2]",2899547.21964681,369169.94627712,0.127319860071838
"Unknown","2003 Fall","Stratum_1"," [counts*km2/km2]",23088985.7512228,3661912.11390626,0.158599955552934
"Small","2004 Spring","Stratum_1"," [counts*km2/km2]",5476898.01590038,745826.458165404,0.136176802270216
"Medium","2004 Spring","Stratum_1"," [counts*km2/km2]",4509396.13769388,563161.328680665,0.124886195731002
"Large","2004 Spring","Stratum_1"," [counts*km2/km2]",2889339.93202629,473586.385576227,0.163908157820703
"Unknown","2004 Spring","Stratum_1"," [counts*km2/km2]",26253202.2405664,3517528.92536207,0.133984757102385
"Small","2004 Fall","Stratum_1"," [counts*km2/km2]",4490443.43609857,556045.866977754,0.123828720902643
"Medium","2004 Fall","Stratum_1"," [counts*km2/km2]",4529763.28228341,436436.559477677,0.0963486461168173
"Large","2004 Fall","Stratum_1"," [counts*km2/km2]",1619638.04721285,194891.285767101,0.120330147900933
"Unknown","2004 Fall","Stratum_1"," [counts*km2/km2]",22076567.2481892,3228210.00000153,0.14622789692389
"Small","2005 Spring","Stratum_1"," [counts*km2/km2]",10021737.6737053,1783611.71490018,0.177974296770905
"Medium","2005 Spring","Stratum_1"," [counts*km2/km2]",6361080.54226118,525544.26779214,0.0826187098717867
"Large","2005 Spring","Stratum_1"," [counts*km2/km2]",2139499.78956058,279741.547408405,0.130750911392173
"Unknown","2005 Spring","Stratum_1"," [counts*km2/km2]",19605894.6714312,2826946.69832907,0.144188609890289
"Small","2005 Fall","Stratum_1"," [counts*km2/km2]",3646853.62021953,376427.743602643,0.103219866439274
"Medium","2005 Fall","Stratum_1"," [counts*km2/km2]",7352452.09678441,629098.608863696,0.0855631020212745
"Large","2005 Fall","Stratum_1"," [counts*km2/km2]",1758811.11663573,206566.727186773,0.117446794162808
"Unknown","2005 Fall","Stratum_1"," [counts*km2/km2]",17841432.2938354,2706414.91032178,0.151692692926727
"Small","2006 Spring","Stratum_1"," [counts*km2/km2]",5985037.52393759,751842.189540241,0.12562029670377
"Medium","2006 Spring","Stratum_1"," [counts*km2/km2]",9846769.40526832,1115640.84344481,0.113300189892526
"Large","2006 Spring","Stratum_1"," [counts*km2/km2]",3974631.92035534,571263.180169847,0.143727316545773
"Unknown","2006 Spring","Stratum_1"," [counts*km2/km2]",38857856.5156097,5995610.37850205,0.154295962673432
"Small","2006 Fall","Stratum_1"," [counts*km2/km2]",4198389.23479899,577680.821910439,0.137595822969973
"Medium","2006 Fall","Stratum_1"," [counts*km2/km2]",7529959.97785001,810467.035611923,0.107632316505795
"Large","2006 Fall","Stratum_1"," [counts*km2/km2]",1529723.60507745,196070.590340663,0.128173867285481
"Unknown","2006 Fall","Stratum_1"," [counts*km2/km2]",10653836.3989081,1653725.69690308,0.155223492738501
"Small","2007 Spring","Stratum_1"," [counts*km2/km2]",3464289.06615025,488768.091443266,0.141087559990026
"Medium","2007 Spring","Stratum_1"," [counts*km2/km2]",8225528.66761187,924946.595455439,0.112448285433303
"Large","2007 Spring","Stratum_1"," [counts*km2/km2]",1159570.9330616,219652.304257945,0.189425500411604
"Unknown","2007 Spring","Stratum_1"," [counts*km2/km2]",20690500.6707005,3448117.36414032,0.166652195566401
"Small","2007 Fall","Stratum_1"," [counts*km2/km2]",3163085.76113598,380927.6793162,0.120429134105865
"Medium","2007 Fall","Stratum_1"," [counts*km2/km2]",7109952.89004848,685890.683217632,0.0964690897147355
"Large","2007 Fall","Stratum_1"," [counts*km2/km2]",940412.913361224,127016.88514951,0.135065015957222
"Unknown","2007 Fall","Stratum_1"," [counts*km2/km2]",9182299.24743374,1354413.47882366,0.147502650733388
"Small","2008 Spring","Stratum_1"," [counts*km2/km2]",9690742.24928333,1717346.70329485,0.177215187352843
"Medium","2008 Spring","Stratum_1"," [counts*km2/km2]",7575669.90604917,954794.852401715,0.126034379037464
"Large","2008 Spring","Stratum_1"," [counts*km2/km2]",2724369.49805513,343928.814717071,0.126241618459828
"Unknown","2008 Spring","Stratum_1"," [counts*km2/km2]",53650653.6107904,10010573.4717253,0.186588099081647
"Small","2008 Fall","Stratum_1"," [counts*km2/km2]",2965840.43448298,655196.076846409,0.220914135915282
"Medium","2008 Fall","Stratum_1"," [counts*km2/km2]",4269490.53150803,791438.322933071,0.185370670596974
"Large","2008 Fall","Stratum_1"," [counts*km2/km2]",845146.853930722,228064.85518801,0.269852338829985
"Unknown","2008 Fall","Stratum_1"," [counts*km2/km2]",5977236.51126786,2652904.74614967,0.443834661912508
"Small","2009 Spring","Stratum_1"," [counts*km2/km2]",17961054.4211641,2972069.38591508,0.165472990406008
"Medium","2009 Spring","Stratum_1"," [counts*km2/km2]",8239052.43008054,1049514.84140949,0.127382954571054
"Large","2009 Spring","Stratum_1"," [counts*km2/km2]",2620588.76940928,477234.443677969,0.182109627137549
"Unknown","2009 Spring","Stratum_1"," [counts*km2/km2]",40654031.5553587,7451488.6208554,0.183290274931496
"Small","2009 Fall","Stratum_1"," [counts*km2/km2]",4932574.74454036,1150085.43095665,0.233161277936968
"Medium","2009 Fall","Stratum_1"," [counts*km2/km2]",6953668.26924094,1156202.37829707,0.166272294496914
"Large","2009 Fall","Stratum_1"," [counts*km2/km2]",1302047.76156958,254315.284410168,0.195319474382107
"Unknown","2009 Fall","Stratum_1"," [counts*km2/km2]",9498430.51053132,3678977.84317216,0.387324815304287
"Small","2010 Spring","Stratum_1"," [counts*km2/km2]",10857027.4328292,1498165.04500351,0.137990352725222
"Medium","2010 Spring","Stratum_1"," [counts*km2/km2]",8070767.64535096,1015615.13554371,0.125838728132476
"Large","2010 Spring","Stratum_1"," [counts*km2/km2]",2103285.69095253,335021.746325298,0.159284945343576
"Unknown","2010 Spring","Stratum_1"," [counts*km2/km2]",7254724.83066976,2243621.99185214,0.30926355502377
"Small","2010 Fall","Stratum_1"," [counts*km2/km2]",2348403.06548171,558989.528416611,0.238029636663733
"Medium","2010 Fall","Stratum_1"," [counts*km2/km2]",4885465.70298785,845832.112073501,0.17313234059881
"Large","2010 Fall","Stratum_1"," [counts*km2/km2]",1434043.27039561,396168.929805053,0.276260094784839
"Unknown","2010 Fall","Stratum_1"," [counts*km2/km2]",9961965.37540067,4987449.08855514,0.500649108946992
"Small","2011 Spring","Stratum_1"," [counts*km2/km2]",9385211.2402599,1031008.15599791,0.109854549844885
"Medium","2011 Spring","Stratum_1"," [counts*km2/km2]",6657963.46731837,808126.752707453,0.121377468752158
"Large","2011 Spring","Stratum_1"," [counts*km2/km2]",2165242.46187292,337670.818401274,0.155950580291683
"Unknown","2011 Spring","Stratum_1"," [counts*km2/km2]",9702154.28521973,2887219.34478027,0.297585387729678
"Small","2011 Fall","Stratum_1"," [counts*km2/km2]",4438286.43965067,853402.292015361,0.192281932141932
"Medium","2011 Fall","Stratum_1"," [counts*km2/km2]",6049273.11927356,957544.265924114,0.158290797430403
"Large","2011 Fall","Stratum_1"," [counts*km2/km2]",1683267.25699816,302122.044379745,0.179485487597811
"Unknown","2011 Fall","Stratum_1"," [counts*km2/km2]",4882122.92021499,1695995.59259521,0.347388957695584
"Small","2012 Spring","Stratum_1"," [counts*km2/km2]",3165852.33019585,537136.576147028,0.169665707722319
"Medium","2012 Spring","Stratum_1"," [counts*km2/km2]",7580725.00275541,1206658.73558215,0.159174582265358
"Large","2012 Spring","Stratum_1"," [counts*km2/km2]",1379246.43532695,249586.680758486,0.180958728161818
"Unknown","2012 Spring","Stratum_1"," [counts*km2/km2]",6261686.18500568,1473370.81586076,0.235299370222181
"Small","2012 Fall","Stratum_1"," [counts*km2/km2]",887590.138891297,259334.838883876,0.292178594061236
"Medium","2012 Fall","Stratum_1"," [counts*km2/km2]",3491351.74815689,569363.472137727,0.163078232503584
"Large","2012 Fall","Stratum_1"," [counts*km2/km2]",513643.530615548,134037.558126855,0.260954436564646
"Unknown","2012 Fall","Stratum_1"," [counts*km2/km2]",1446777.11983224,618514.547177557,0.427511977276274
"Small","2013 Spring","Stratum_1"," [counts*km2/km2]",4345880.86405512,694678.635515692,0.159847602188407
"Medium","2013 Spring","Stratum_1"," [counts*km2/km2]",5632600.0752518,680722.291171182,0.120854007399194
"Large","2013 Spring","Stratum_1"," [counts*km2/km2]",601540.679890113,118307.336703175,0.196673875364151
"Unknown","2013 Spring","Stratum_1"," [counts*km2/km2]",3339225.43693392,1135049.94113861,0.339914139543935
"Small","2013 Fall","Stratum_1"," [counts*km2/km2]",967612.370751643,278505.582904811,0.287827637722808
"Medium","2013 Fall","Stratum_1"," [counts*km2/km2]",2890791.23650469,711614.470165528,0.246165984308834
"Large","2013 Fall","Stratum_1"," [counts*km2/km2]",244298.524050211,130466.292317073,0.534044537617666
"Unknown","2013 Fall","Stratum_1"," [counts*km2/km2]",1387885.57343688,835767.234413157,0.602187421217666
"Small","2014 Spring","Stratum_1"," [counts*km2/km2]",10384449.2791569,1181209.47741087,0.113747917261413
"Medium","2014 Spring","Stratum_1"," [counts*km2/km2]",7543756.39976983,980455.396982529,0.129969122148807
"Large","2014 Spring","Stratum_1"," [counts*km2/km2]",710390.124778282,189683.527794029,0.267013182162733
"Unknown","2014 Spring","Stratum_1"," [counts*km2/km2]",5480685.64460157,1426554.51742166,0.260287600845489
"Small","2014 Fall","Stratum_1"," [counts*km2/km2]",1565425.30682075,377543.678118143,0.241176424370513
"Medium","2014 Fall","Stratum_1"," [counts*km2/km2]",4304511.48988336,612116.21586288,0.142203410840347
"Large","2014 Fall","Stratum_1"," [counts*km2/km2]",577267.360931803,122986.372661856,0.213049240239978
"Unknown","2014 Fall","Stratum_1"," [counts*km2/km2]",1502975.26914334,665739.292617312,0.442947602854948
"Small","2015 Spring","Stratum_1"," [counts*km2/km2]",7715478.08745919,1053794.45898381,0.136581874387882
"Medium","2015 Spring","Stratum_1"," [counts*km2/km2]",6958606.23801314,770733.464229261,0.110759746688775
"Large","2015 Spring","Stratum_1"," [counts*km2/km2]",1125443.17053432,177001.213679919,0.15727245792063
"Unknown","2015 Spring","Stratum_1"," [counts*km2/km2]",2445305.88991796,860809.644183913,0.352025342814184
"Small","2015 Fall","Stratum_1"," [counts*km2/km2]",2568903.06200484,593162.721514221,0.230901169564298
"Medium","2015 Fall","Stratum_1"," [counts*km2/km2]",5635437.71491428,889777.590952404,0.157889703686652
"Large","2015 Fall","Stratum_1"," [counts*km2/km2]",893060.170025652,218130.671169102,0.244250811412668
"Unknown","2015 Fall","Stratum_1"," [counts*km2/km2]",1724963.16011283,802018.249091976,0.464948045058257
"Small","2016 Spring","Stratum_1"," [counts*km2/km2]",4699440.33774888,647097.598687341,0.137696736670842
"Medium","2016 Spring","Stratum_1"," [counts*km2/km2]",6670881.67860395,720132.110807868,0.107951564051512
"Large","2016 Spring","Stratum_1"," [counts*km2/km2]",909500.114505187,144340.542056515,0.158703159850665
"Unknown","2016 Spring","Stratum_1"," [counts*km2/km2]",1473059.63455642,457287.263728591,0.31043363961724
"Small","2016 Fall","Stratum_1"," [counts*km2/km2]",744047.258907412,243315.504099019,0.327016195794219
"Medium","2016 Fall","Stratum_1"," [counts*km2/km2]",7137877.44816263,929964.530592466,0.13028586401856
"Large","2016 Fall","Stratum_1"," [counts*km2/km2]",1259972.43743912,194997.197709667,0.154763066171508
"Unknown","2016 Fall","Stratum_1"," [counts*km2/km2]",3700595.79113694,1277092.06817149,0.345104448108107
"Small","2017 Spring","Stratum_1"," [counts*km2/km2]",7931434.61875848,1032479.93390206,0.13017568492088
"Medium","2017 Spring","Stratum_1"," [counts*km2/km2]",8123296.69312653,787405.834491327,0.0969318078899649
"Large","2017 Spring","Stratum_1"," [counts*km2/km2]",1513675.16833229,204720.77042471,0.135247492135493
"Unknown","2017 Spring","Stratum_1"," [counts*km2/km2]",3905708.46083509,1149662.99280836,0.294354533713085
"Small","2017 Fall","Stratum_1"," [counts*km2/km2]",2002572.56784822,483046.228863812,0.241212846225515
"Medium","2017 Fall","Stratum_1"," [counts*km2/km2]",4402988.67694674,713005.216494938,0.161936645494481
"Large","2017 Fall","Stratum_1"," [counts*km2/km2]",723349.96864764,156621.789436958,0.216522839877598
"Unknown","2017 Fall","Stratum_1"," [counts*km2/km2]",3309950.79499026,1175116.34277698,0.355025320785907
"Small","2018 Spring","Stratum_1"," [counts*km2/km2]",13879376.9910666,2334789.87213701,0.168220077431413
"Medium","2018 Spring","Stratum_1"," [counts*km2/km2]",5106078.65615389,701420.957994454,0.137369791033104
"Large","2018 Spring","Stratum_1"," [counts*km2/km2]",2159363.97838478,284115.868211662,0.13157386668281
"Unknown","2018 Spring","Stratum_1"," [counts*km2/km2]",1888657.06299497,517319.757593886,0.273908782981246
"Small","2018 Fall","Stratum_1"," [counts*km2/km2]",1627321.22776052,414684.999989932,0.254826762482911
"Medium","2018 Fall","Stratum_1"," [counts*km2/km2]",2938993.75302396,512734.74823874,0.174459284818548
"Large","2018 Fall","Stratum_1"," [counts*km2/km2]",1277131.92445099,239275.129786674,0.187353495128964
"Unknown","2018 Fall","Stratum_1"," [counts*km2/km2]",1802739.23401279,703319.679781161,0.390139442528032
"Small","2019 Spring","Stratum_1"," [counts*km2/km2]",17636695.3014345,2235264.78015943,0.126739434001427
"Medium","2019 Spring","Stratum_1"," [counts*km2/km2]",3442482.99475233,521307.716176942,0.151433635829607
"Large","2019 Spring","Stratum_1"," [counts*km2/km2]",668083.999677987,127352.196756282,0.190623030663308
"Unknown","2019 Spring","Stratum_1"," [counts*km2/km2]",9842985.43235953,3172187.99180299,0.32227904974584
"Small","2019 Fall","Stratum_1"," [counts*km2/km2]",1087033.82205475,255279.838410656,0.23484075033481
"Medium","2019 Fall","Stratum_1"," [counts*km2/km2]",2249273.27063679,359129.249950345,0.159664570169667
"Large","2019 Fall","Stratum_1"," [counts*km2/km2]",866497.632279711,157464.054020956,0.181724736635086
"Unknown","2019 Fall","Stratum_1"," [counts*km2/km2]",1822087.44420032,605189.639873828,0.332140832098996
"Small","2020 Spring","Stratum_1"," [counts*km2/km2]",3295012.88876305,1398663.95497408,0.424479054313848
"Medium","2020 Spring","Stratum_1"," [counts*km2/km2]",2300267.60469179,599730.755258789,0.260722167297202
"Large","2020 Spring","Stratum_1"," [counts*km2/km2]",335031.284130677,108943.196298482,0.325173204589426
"Unknown","2020 Spring","Stratum_1"," [counts*km2/km2]",9180034.41385673,4100596.33829835,0.446686379749156
"Small","2020 Fall","Stratum_1"," [counts*km2/km2]",292914.99607157,159736.395749783,0.545333622013514
"Medium","2020 Fall","Stratum_1"," [counts*km2/km2]",2448237.18067692,720453.241095786,0.294274283056424
"Large","2020 Fall","Stratum_1"," [counts*km2/km2]",646048.754699134,279291.268488086,0.432306797987954
"Unknown","2020 Fall","Stratum_1"," [counts*km2/km2]",1775921.46858287,1083710.40038133,0.610224280494848
"Small","2021 Spring","Stratum_1"," [counts*km2/km2]",11382382.5682277,1683785.46931679,0.147929087712869
"Medium","2021 Spring","Stratum_1"," [counts*km2/km2]",2604879.99709065,379620.257698327,0.145734259590584
"Large","2021 Spring","Stratum_1"," [counts*km2/km2]",281111.882278836,69020.2474115028,0.245525898272209
"Unknown","2021 Spring","Stratum_1"," [counts*km2/km2]",4395351.78613898,1066242.24091553,0.242584050787014
"Small","2021 Fall","Stratum_1"," [counts*km2/km2]",1391445.50324923,530892.072685468,0.381539967929577
"Medium","2021 Fall","Stratum_1"," [counts*km2/km2]",1244812.44998853,328345.219152494,0.263770834839836
"Large","2021 Fall","Stratum_1"," [counts*km2/km2]",141710.513405794,70129.545187249,0.494878915486179
"Unknown","2021 Fall","Stratum_1"," [counts*km2/km2]",2048216.25417426,866936.554232626,0.423264170697705
